set,runner,target,host,page,fetchTime,performance,accessibility,best_practices,seo,fcp_ms,lcp_ms,tbt_ms,cls,speed_index_ms,observed_fcp_ms,lighthouse,file
github-runner/fetchprio1,github,preview,goinvo-website-next-mrgum9102-goinvo.vercel.app,/,2026-09-28T21:55:14.798Z,73,100,75,69,2577.927,3066.301,679.5,0.0185,2969.6395,1366,12.6.1,github-runner/fetchprio1/lhr-1790632533072.json
github-runner/fetchprio1,github,preview,goinvo-website-next-mrgum9102-goinvo.vercel.app,/,2026-09-28T21:55:36.552Z,55,100,75,69,3639.167,6755.411,509.9445,0.0125,3718.6572,1344,12.6.1,github-runner/fetchprio1/lhr-1790632553372.json
github-runner/fetchprio1,github,preview,goinvo-website-next-mrgum9102-goinvo.vercel.app,/,2026-09-28T21:55:56.169Z,62,100,75,69,3369.8101,5033.3237,478,0.0245,3369.8101,335,12.6.1,github-runner/fetchprio1/lhr-1790632572075.json
github-runner/fetchprio1,github,preview,goinvo-website-next-mrgum9102-goinvo.vercel.app,/,2026-09-28T21:56:14.878Z,58,100,75,69,3635.977,6749.214,412.5,0.0245,3737.5934,1345,12.6.1,github-runner/fetchprio1/lhr-1790632591638.json
github-runner/fetchprio1,github,preview,goinvo-website-next-mrgum9102-goinvo.vercel.app,/,2026-09-28T21:56:34.433Z,80,100,75,69,2482.1315,3502.507,339.5495,0.0245,2482.1315,311,12.6.1,github-runner/fetchprio1/lhr-1790632610507.json
github-runner/fetchprio1,github,preview,goinvo-website-next-mrgum9102-goinvo.vercel.app,/work,2026-09-28T21:56:53.334Z,88,100,75,69,1251.0425,2759.3525,343,0.0006,1251.0425,388,12.6.1,github-runner/fetchprio1/lhr-1790632628892.json
github-runner/fetchprio1,github,preview,goinvo-website-next-mrgum9102-goinvo.vercel.app,/work,2026-09-28T21:57:11.685Z,83,100,75,69,2473.1365,3192.962,316.5,0.0006,2473.1365,347,12.6.1,github-runner/fetchprio1/lhr-1790632647066.json
github-runner/fetchprio1,github,preview,goinvo-website-next-mrgum9102-goinvo.vercel.app,/work,2026-09-28T21:57:29.857Z,64,100,75,69,2651.471,6051.5098,377.5,0.0006,3484.7941,1370,12.6.1,github-runner/fetchprio1/lhr-1790632666140.json
github-runner/fetchprio1,github,preview,goinvo-website-next-mrgum9102-goinvo.vercel.app,/work,2026-09-28T21:57:48.941Z,81,100,75,69,2439.3262,3055.1552,401,0.0006,2439.3262,361,12.6.1,github-runner/fetchprio1/lhr-1790632684538.json
github-runner/fetchprio1,github,preview,goinvo-website-next-mrgum9102-goinvo.vercel.app,/work,2026-09-28T21:58:07.338Z,90,100,75,69,1717.17,2132.076,330.5,0.0006,1717.17,314,12.6.1,github-runner/fetchprio1/lhr-1790632703115.json
github-runner/fetchprio1,github,preview,goinvo-website-next-mrgum9102-goinvo.vercel.app,/work/mitre-flux-notes,2026-09-28T21:58:25.913Z,82,98,75,69,2461.2509,2613.3364,442.5,0.0028,2461.2509,394,12.6.1,github-runner/fetchprio1/lhr-1790632717332.json
github-runner/fetchprio1,github,preview,goinvo-website-next-mrgum9102-goinvo.vercel.app,/work/mitre-flux-notes,2026-09-28T21:58:40.130Z,75,98,75,69,1688.6815,4238.211,398,0.0028,1688.6815,203,12.6.1,github-runner/fetchprio1/lhr-1790632731265.json
github-runner/fetchprio1,github,preview,goinvo-website-next-mrgum9102-goinvo.vercel.app,/work/mitre-flux-notes,2026-09-28T21:58:54.065Z,86,98,75,69,2492.2257,2915.9137,257.5,0.0028,2492.2257,216,12.6.1,github-runner/fetchprio1/lhr-1790632745230.json
github-runner/fetchprio1,github,preview,goinvo-website-next-mrgum9102-goinvo.vercel.app,/work/mitre-flux-notes,2026-09-28T21:59:08.018Z,92,98,75,69,1092.803,2147.668,309,0.0028,2427.144,210,12.6.1,github-runner/fetchprio1/lhr-1790632759188.json
github-runner/fetchprio1,github,preview,goinvo-website-next-mrgum9102-goinvo.vercel.app,/work/mitre-flux-notes,2026-09-28T21:59:22.013Z,79,98,75,69,1697.0596,3661.8922,419.0,0.0028,1697.0596,189,12.6.1,github-runner/fetchprio1/lhr-1790632773140.json
github-runner/fetchprio2,github,preview,goinvo-website-next-mrgum9102-goinvo.vercel.app,/,2026-09-28T22:00:25.154Z,72,100,75,69,2638.6215,2638.6215,926.168,0.025,2807.1016,1055,12.6.1,github-runner/fetchprio2/lhr-1790632841541.json
github-runner/fetchprio2,github,preview,goinvo-website-next-mrgum9102-goinvo.vercel.app,/,2026-09-28T22:00:44.380Z,94,100,75,69,1286.683,2231.527,247.5,0.025,1392.0027,323,12.6.1,github-runner/fetchprio2/lhr-1790632860116.json
github-runner/fetchprio2,github,preview,goinvo-website-next-mrgum9102-goinvo.vercel.app,/,2026-09-28T22:01:02.593Z,94,100,75,69,1303.117,2272.513,236.5,0.025,1887.389,274,12.6.1,github-runner/fetchprio2/lhr-1790632877455.json
github-runner/fetchprio2,github,preview,goinvo-website-next-mrgum9102-goinvo.vercel.app,/,2026-09-28T22:01:19.934Z,85,100,75,69,2518.7315,2908.554,297.5,0.025,2518.7315,352,12.6.1,github-runner/fetchprio2/lhr-1790632895082.json
github-runner/fetchprio2,github,preview,goinvo-website-next-mrgum9102-goinvo.vercel.app,/,2026-09-28T22:01:37.571Z,92,100,75,69,1747.3355,2516.372,221,0.018,1792.233,321,12.6.1,github-runner/fetchprio2/lhr-1790632912449.json
github-runner/fetchprio2,github,preview,goinvo-website-next-mrgum9102-goinvo.vercel.app,/work,2026-09-28T22:01:54.910Z,94,100,75,69,1740.612,2245.599,221,0.0006,1740.612,333,12.6.1,github-runner/fetchprio2/lhr-1790632929533.json
github-runner/fetchprio2,github,preview,goinvo-website-next-mrgum9102-goinvo.vercel.app,/work,2026-09-28T22:02:12.009Z,91,100,75,69,1806.661,2749.295,220,0.0006,1806.661,336,12.6.1,github-runner/fetchprio2/lhr-1790632946639.json
github-runner/fetchprio2,github,preview,goinvo-website-next-mrgum9102-goinvo.vercel.app,/work,2026-09-28T22:02:29.105Z,93,100,75,69,1730.6955,2093.6,252,0.0006,1730.6955,329,12.6.1,github-runner/fetchprio2/lhr-1790632963632.json
github-runner/fetchprio2,github,preview,goinvo-website-next-mrgum9102-goinvo.vercel.app,/work,2026-09-28T22:02:46.108Z,94,100,75,69,1762.366,1936.411,235,0.0006,1762.366,297,12.6.1,github-runner/fetchprio2/lhr-1790632980586.json
github-runner/fetchprio2,github,preview,goinvo-website-next-mrgum9102-goinvo.vercel.app,/work,2026-09-28T22:03:03.072Z,91,100,75,69,1722.348,2649.236,242,0.0006,1722.348,333,12.6.1,github-runner/fetchprio2/lhr-1790632997590.json
github-runner/fetchprio2,github,preview,goinvo-website-next-mrgum9102-goinvo.vercel.app,/work/mitre-flux-notes,2026-09-28T22:03:20.066Z,93,98,75,69,1758.7325,1758.7325,294,0.0028,1758.7325,312,12.6.1,github-runner/fetchprio2/lhr-1790633011052.json
github-runner/fetchprio2,github,preview,goinvo-website-next-mrgum9102-goinvo.vercel.app,/work/mitre-flux-notes,2026-09-28T22:03:33.533Z,92,98,75,69,1786.7462,1786.7462,318.5,0.0028,1786.7462,244,12.6.1,github-runner/fetchprio2/lhr-1790633024521.json
github-runner/fetchprio2,github,preview,goinvo-website-next-mrgum9102-goinvo.vercel.app,/work/mitre-flux-notes,2026-09-28T22:03:47.000Z,92,98,75,69,1804.1962,1804.1962,303.5,0.0028,1804.1962,247,12.6.1,github-runner/fetchprio2/lhr-1790633037984.json
github-runner/fetchprio2,github,preview,goinvo-website-next-mrgum9102-goinvo.vercel.app,/work/mitre-flux-notes,2026-09-28T22:04:00.450Z,90,98,75,69,1768.6953,2346.1269,301.5,0.0028,1768.6953,200,12.6.1,github-runner/fetchprio2/lhr-1790633051669.json
github-runner/fetchprio2,github,preview,goinvo-website-next-mrgum9102-goinvo.vercel.app,/work/mitre-flux-notes,2026-09-28T22:04:14.156Z,93,98,75,69,1770.4385,1770.4385,286.5,0.0028,1770.4385,270,12.6.1,github-runner/fetchprio2/lhr-1790633065220.json
github-runner/fonts1,github,preview,goinvo-website-next-p1e2qhr1i-goinvo.vercel.app,/,2026-09-28T21:44:54.989Z,50,100,75,69,3636.1115,6785.2065,781.9805,0.0125,3636.1115,1282,12.6.1,github-runner/fonts1/lhr-1790631911660.json
github-runner/fonts1,github,preview,goinvo-website-next-p1e2qhr1i-goinvo.vercel.app,/,2026-09-28T21:45:15.165Z,80,100,75,69,2442.2482,3353.306,360.5,0.0245,2442.2482,200,12.6.1,github-runner/fonts1/lhr-1790631930537.json
github-runner/fonts1,github,preview,goinvo-website-next-p1e2qhr1i-goinvo.vercel.app,/,2026-09-28T21:45:33.483Z,76,100,75,69,2455.9232,3880.3087,374.4756,0.025,2455.9232,207,12.6.1,github-runner/fonts1/lhr-1790631949096.json
github-runner/fonts1,github,preview,goinvo-website-next-p1e2qhr1i-goinvo.vercel.app,/,2026-09-28T21:45:52.166Z,78,100,75,69,2445.3557,3663.0738,367.8346,0.0245,2445.3557,282,12.6.1,github-runner/fonts1/lhr-1790631967920.json
github-runner/fonts1,github,preview,goinvo-website-next-p1e2qhr1i-goinvo.vercel.app,/,2026-09-28T21:46:10.885Z,76,100,75,69,2448.9444,3656.2136,432.3041,0.0245,2448.9444,216,12.6.1,github-runner/fonts1/lhr-1790631986668.json
github-runner/fonts1,github,preview,goinvo-website-next-p1e2qhr1i-goinvo.vercel.app,/work,2026-09-28T21:46:29.665Z,75,100,75,69,2439.5727,4116.801,349,0.0006,2439.5727,232,12.6.1,github-runner/fonts1/lhr-1790632004816.json
github-runner/fonts1,github,preview,goinvo-website-next-p1e2qhr1i-goinvo.vercel.app,/work,2026-09-28T21:46:47.794Z,76,100,75,69,2434.895,3917.758,363,0.0006,2434.895,244,12.6.1,github-runner/fonts1/lhr-1790632023009.json
github-runner/fonts1,github,preview,goinvo-website-next-p1e2qhr1i-goinvo.vercel.app,/work,2026-09-28T21:47:05.959Z,77,100,75,69,1688.1684,3972.0298,401.5,0.0006,1688.1684,239,12.6.1,github-runner/fonts1/lhr-1790632041291.json
github-runner/fonts1,github,preview,goinvo-website-next-p1e2qhr1i-goinvo.vercel.app,/work,2026-09-28T21:47:24.247Z,79,100,75,69,2442.0263,3589.2134,361,0.0006,2442.0263,286,12.6.1,github-runner/fonts1/lhr-1790632059427.json
github-runner/fonts1,github,preview,goinvo-website-next-p1e2qhr1i-goinvo.vercel.app,/work,2026-09-28T21:47:42.381Z,84,100,75,69,1971.122,3097.937,360.5,0.0006,1971.122,246,12.6.1,github-runner/fonts1/lhr-1790632077476.json
github-runner/fonts1,github,preview,goinvo-website-next-p1e2qhr1i-goinvo.vercel.app,/work/mitre-flux-notes,2026-09-28T21:48:00.443Z,72,98,75,69,2459.8211,3953.1652,509.5,0.0028,2459.8211,161,12.6.1,github-runner/fonts1/lhr-1790632091551.json
github-runner/fonts1,github,preview,goinvo-website-next-p1e2qhr1i-goinvo.vercel.app,/work/mitre-flux-notes,2026-09-28T21:48:14.500Z,67,98,75,69,2452.8757,5182.9908,440.8276,0.0028,2452.8757,156,12.6.1,github-runner/fonts1/lhr-1790632105609.json
github-runner/fonts1,github,preview,goinvo-website-next-p1e2qhr1i-goinvo.vercel.app,/work/mitre-flux-notes,2026-09-28T21:48:28.549Z,71,98,75,69,2465.9624,4079.5573,494.3661,0.0028,2465.9624,278,12.6.1,github-runner/fonts1/lhr-1790632119790.json
github-runner/fonts1,github,preview,goinvo-website-next-p1e2qhr1i-goinvo.vercel.app,/work/mitre-flux-notes,2026-09-28T21:48:42.765Z,80,98,75,69,1685.6951,3331.4147,467.5,0.0028,1685.6951,174,12.6.1,github-runner/fonts1/lhr-1790632133853.json
github-runner/fonts1,github,preview,goinvo-website-next-p1e2qhr1i-goinvo.vercel.app,/work/mitre-flux-notes,2026-09-28T21:48:56.798Z,71,98,75,69,2453.6907,3976.5541,530.5396,0.0028,2453.6907,222,12.6.1,github-runner/fonts1/lhr-1790632148001.json
github-runner/fonts2,github,preview,goinvo-website-next-p1e2qhr1i-goinvo.vercel.app,/,2026-09-28T21:49:49.411Z,50,100,75,69,3788.8685,6531.467,740,0.0125,3788.8685,1289,12.6.1,github-runner/fonts2/lhr-1790632205974.json
github-runner/fonts2,github,preview,goinvo-website-next-p1e2qhr1i-goinvo.vercel.app,/,2026-09-28T21:50:09.506Z,77,100,75,69,2430.7265,3696.284,376.5,0.025,2430.7265,226,12.6.1,github-runner/fonts2/lhr-1790632225120.json
github-runner/fonts2,github,preview,goinvo-website-next-p1e2qhr1i-goinvo.vercel.app,/,2026-09-28T21:50:28.081Z,75,100,75,69,2456.1532,3823.0412,403.9778,0.0245,2456.1532,220,12.6.1,github-runner/fonts2/lhr-1790632243719.json
github-runner/fonts2,github,preview,goinvo-website-next-p1e2qhr1i-goinvo.vercel.app,/,2026-09-28T21:50:46.822Z,51,100,75,69,4257.861,10639.579,464.0,0,5123.4945,2440,12.6.1,github-runner/fonts2/lhr-1790632264231.json
github-runner/fonts2,github,preview,goinvo-website-next-p1e2qhr1i-goinvo.vercel.app,/,2026-09-28T21:51:07.247Z,73,100,75,69,2465.1859,3863.7574,490.0,0.0245,2465.1859,227,12.6.1,github-runner/fonts2/lhr-1790632282943.json
github-runner/fonts2,github,preview,goinvo-website-next-p1e2qhr1i-goinvo.vercel.app,/work,2026-09-28T21:51:25.914Z,78,100,75,69,2430.7875,3790.124,333,0.0006,2430.7875,257,12.6.1,github-runner/fonts2/lhr-1790632301018.json
github-runner/fonts2,github,preview,goinvo-website-next-p1e2qhr1i-goinvo.vercel.app,/work,2026-09-28T21:51:43.992Z,86,100,75,69,1690.0715,2742.297,382.0,0.0006,1690.0715,275,12.6.1,github-runner/fonts2/lhr-1790632319208.json
github-runner/fonts2,github,preview,goinvo-website-next-p1e2qhr1i-goinvo.vercel.app,/work,2026-09-28T21:52:02.197Z,79,100,75,69,2441.41,3422.548,369.0,0.0006,2441.41,257,12.6.1,github-runner/fonts2/lhr-1790632337391.json
github-runner/fonts2,github,preview,goinvo-website-next-p1e2qhr1i-goinvo.vercel.app,/work,2026-09-28T21:52:20.371Z,80,100,75,69,1684.999,3816.661,362,0.0006,1684.999,224,12.6.1,github-runner/fonts2/lhr-1790632355566.json
github-runner/fonts2,github,preview,goinvo-website-next-p1e2qhr1i-goinvo.vercel.app,/work,2026-09-28T21:52:38.525Z,76,100,75,69,2435.654,3865.912,389.0,0.0006,2435.654,309,12.6.1,github-runner/fonts2/lhr-1790632373662.json
github-runner/fonts2,github,preview,goinvo-website-next-p1e2qhr1i-goinvo.vercel.app,/work/mitre-flux-notes,2026-09-28T21:52:56.624Z,52,98,75,69,2756.7969,10407.094,568,0,5395.5339,2328,12.6.1,github-runner/fonts2/lhr-1790632389412.json
github-runner/fonts2,github,preview,goinvo-website-next-p1e2qhr1i-goinvo.vercel.app,/work/mitre-flux-notes,2026-09-28T21:53:12.420Z,74,98,75,69,2437.291,3775.12,451.8345,0.0028,2437.291,212,12.6.1,github-runner/fonts2/lhr-1790632403587.json
github-runner/fonts2,github,preview,goinvo-website-next-p1e2qhr1i-goinvo.vercel.app,/work/mitre-flux-notes,2026-09-28T21:53:26.534Z,73,98,75,69,1704.7165,4306.7202,482.5015,0.0028,1704.7165,179,12.6.1,github-runner/fonts2/lhr-1790632417590.json
github-runner/fonts2,github,preview,goinvo-website-next-p1e2qhr1i-goinvo.vercel.app,/work/mitre-flux-notes,2026-09-28T21:53:40.564Z,77,98,75,69,1692.485,3507.74,512.4475,0.0028,1692.485,162,12.6.1,github-runner/fonts2/lhr-1790632431725.json
github-runner/fonts2,github,preview,goinvo-website-next-p1e2qhr1i-goinvo.vercel.app,/work/mitre-flux-notes,2026-09-28T21:53:54.687Z,64,98,75,69,2458.5046,5763.3246,472,0.0028,2458.5046,161,12.6.1,github-runner/fonts2/lhr-1790632445794.json
github-runner/preview1,github,preview,goinvo-website-next-bq4na8kkl-goinvo.vercel.app,/,2026-09-28T21:14:55.049Z,50,100,75,69,3997.894,6771.161,690,0.0125,3997.894,1334,12.6.1,github-runner/preview1/lhr-1790630112253.json
github-runner/preview1,github,preview,goinvo-website-next-bq4na8kkl-goinvo.vercel.app,/,2026-09-28T21:15:15.788Z,85,100,75,69,1717.372,3083.612,340.0,0.025,1717.372,194,12.6.1,github-runner/preview1/lhr-1790630131721.json
github-runner/preview1,github,preview,goinvo-website-next-bq4na8kkl-goinvo.vercel.app,/,2026-09-28T21:15:34.681Z,74,100,75,69,2917.735,3973.373,358.0,0.025,2917.735,218,12.6.1,github-runner/preview1/lhr-1790630150451.json
github-runner/preview1,github,preview,goinvo-website-next-bq4na8kkl-goinvo.vercel.app,/,2026-09-28T21:15:53.436Z,80,100,75,69,2456.4682,3375.624,359.8975,0.0245,2456.4682,203,12.6.1,github-runner/preview1/lhr-1790630169774.json
github-runner/preview1,github,preview,goinvo-website-next-bq4na8kkl-goinvo.vercel.app,/,2026-09-28T21:16:12.749Z,69,100,75,69,2920.718,4283.431,457,0.025,2920.718,207,12.6.1,github-runner/preview1/lhr-1790630188658.json
github-runner/preview1,github,preview,goinvo-website-next-bq4na8kkl-goinvo.vercel.app,/work,2026-09-28T21:16:31.759Z,76,100,75,69,1712.522,3968.339,434,0.0006,1712.522,251,12.6.1,github-runner/preview1/lhr-1790630206972.json
github-runner/preview1,github,preview,goinvo-website-next-bq4na8kkl-goinvo.vercel.app,/work,2026-09-28T21:16:49.925Z,77,100,75,69,2442.5329,3817.41,365.0,0.0006,2442.5329,209,12.6.1,github-runner/preview1/lhr-1790630224999.json
github-runner/preview1,github,preview,goinvo-website-next-bq4na8kkl-goinvo.vercel.app,/work,2026-09-28T21:17:07.939Z,75,100,75,69,2475.3227,3965.087,396.5,0.0006,2475.3227,218,12.6.1,github-runner/preview1/lhr-1790630243008.json
github-runner/preview1,github,preview,goinvo-website-next-bq4na8kkl-goinvo.vercel.app,/work,2026-09-28T21:17:25.954Z,77,100,75,69,1703.979,3961.114,395.5,0.0006,1703.979,225,12.6.1,github-runner/preview1/lhr-1790630261112.json
github-runner/preview1,github,preview,goinvo-website-next-bq4na8kkl-goinvo.vercel.app,/work,2026-09-28T21:17:44.115Z,81,100,75,69,1708.704,3212.313,449.5,0.0006,1708.704,251,12.6.1,github-runner/preview1/lhr-1790630279442.json
github-runner/preview1,github,preview,goinvo-website-next-bq4na8kkl-goinvo.vercel.app,/work/mitre-flux-notes,2026-09-28T21:18:02.438Z,68,98,75,69,1719.508,5195.969,477.113,0.0028,1719.508,144,12.6.1,github-runner/preview1/lhr-1790630293620.json
github-runner/preview1,github,preview,goinvo-website-next-bq4na8kkl-goinvo.vercel.app,/work/mitre-flux-notes,2026-09-28T21:18:16.567Z,83,98,75,69,1716.371,2603.333,507.1005,0.0028,1716.371,140,12.6.1,github-runner/preview1/lhr-1790630307776.json
github-runner/preview1,github,preview,goinvo-website-next-bq4na8kkl-goinvo.vercel.app,/work/mitre-flux-notes,2026-09-28T21:18:30.778Z,81,98,75,69,1706.0315,3238.3895,456.892,0.0028,1706.0315,150,12.6.1,github-runner/preview1/lhr-1790630321980.json
github-runner/preview1,github,preview,goinvo-website-next-bq4na8kkl-goinvo.vercel.app,/work/mitre-flux-notes,2026-09-28T21:18:44.943Z,90,98,75,69,1716.0805,2410.747,307.5,0.0028,2005.8038,134,12.6.1,github-runner/preview1/lhr-1790630336330.json
github-runner/preview1,github,preview,goinvo-website-next-bq4na8kkl-goinvo.vercel.app,/work/mitre-flux-notes,2026-09-28T21:18:59.321Z,85,98,75,69,1717.72,2334.224,515.2965,0.0028,1717.72,151,12.6.1,github-runner/preview1/lhr-1790630350455.json
github-runner/preview2,github,preview,goinvo-website-next-bq4na8kkl-goinvo.vercel.app,/,2026-09-28T21:19:53.740Z,49,100,75,69,3971.212,6567.2475,778.0,0.0125,3971.212,1298,12.6.1,github-runner/preview2/lhr-1790630410231.json
github-runner/preview2,github,preview,goinvo-website-next-bq4na8kkl-goinvo.vercel.app,/,2026-09-28T21:20:13.689Z,79,100,75,69,2447.824,3655.87,330.0,0.0245,2447.824,210,12.6.1,github-runner/preview2/lhr-1790630429386.json
github-runner/preview2,github,preview,goinvo-website-next-bq4na8kkl-goinvo.vercel.app,/,2026-09-28T21:20:32.311Z,72,100,75,69,2906.769,4138.21,384,0.0245,2906.769,234,12.6.1,github-runner/preview2/lhr-1790630447977.json
github-runner/preview2,github,preview,goinvo-website-next-bq4na8kkl-goinvo.vercel.app,/,2026-09-28T21:20:51.050Z,72,100,75,69,2911.672,4128.003,376.0,0.0245,2911.672,243,12.6.1,github-runner/preview2/lhr-1790630466435.json
github-runner/preview2,github,preview,goinvo-website-next-bq4na8kkl-goinvo.vercel.app,/,2026-09-28T21:21:09.363Z,75,100,75,69,2907.999,3804.553,367.5,0.0245,2907.999,225,12.6.1,github-runner/preview2/lhr-1790630484937.json
github-runner/preview2,github,preview,goinvo-website-next-bq4na8kkl-goinvo.vercel.app,/work,2026-09-28T21:21:27.891Z,80,100,75,69,1704.254,3666.894,390.5,0.0006,1704.254,230,12.6.1,github-runner/preview2/lhr-1790630502930.json
github-runner/preview2,github,preview,goinvo-website-next-bq4na8kkl-goinvo.vercel.app,/work,2026-09-28T21:21:45.834Z,76,100,75,69,2746.648,3872.2335,342,0.0006,2746.648,266,12.6.1,github-runner/preview2/lhr-1790630520953.json
github-runner/preview2,github,preview,goinvo-website-next-bq4na8kkl-goinvo.vercel.app,/work,2026-09-28T21:22:03.906Z,76,100,75,69,2440.7159,4104.143,340.5,0.0006,2440.7159,222,12.6.1,github-runner/preview2/lhr-1790630539168.json
github-runner/preview2,github,preview,goinvo-website-next-bq4na8kkl-goinvo.vercel.app,/work,2026-09-28T21:22:22.093Z,78,100,75,69,2443.5897,3653.21,349,0.0006,2443.5897,266,12.6.1,github-runner/preview2/lhr-1790630557142.json
github-runner/preview2,github,preview,goinvo-website-next-bq4na8kkl-goinvo.vercel.app,/work,2026-09-28T21:22:40.059Z,76,100,75,69,2452.427,4099.771,334,0.0006,2452.427,219,12.6.1,github-runner/preview2/lhr-1790630575138.json
github-runner/preview2,github,preview,goinvo-website-next-bq4na8kkl-goinvo.vercel.app,/work/mitre-flux-notes,2026-09-28T21:22:58.072Z,75,98,75,69,1710.3955,3964.3485,453,0.0028,1710.3955,132,12.6.1,github-runner/preview2/lhr-1790630589334.json
github-runner/preview2,github,preview,goinvo-website-next-bq4na8kkl-goinvo.vercel.app,/work/mitre-flux-notes,2026-09-28T21:23:12.235Z,67,98,75,69,2907.4075,4427.9655,494.3705,0.0028,2907.4075,162,12.6.1,github-runner/preview2/lhr-1790630603274.json
github-runner/preview2,github,preview,goinvo-website-next-bq4na8kkl-goinvo.vercel.app,/work/mitre-flux-notes,2026-09-28T21:23:26.214Z,74,98,75,69,2446.0119,3830.5355,437,0.0028,2446.0119,198,12.6.1,github-runner/preview2/lhr-1790630617743.json
github-runner/preview2,github,preview,goinvo-website-next-bq4na8kkl-goinvo.vercel.app,/work/mitre-flux-notes,2026-09-28T21:23:40.651Z,65,98,75,69,2444.2991,5185.4755,483.9502,0.0028,2444.2991,509,12.6.1,github-runner/preview2/lhr-1790630632139.json
github-runner/preview2,github,preview,goinvo-website-next-bq4na8kkl-goinvo.vercel.app,/work/mitre-flux-notes,2026-09-28T21:23:55.072Z,76,98,75,69,2473.6725,3369.4485,506.654,0.0028,2473.6725,138,12.6.1,github-runner/preview2/lhr-1790630646091.json
github-runner/prod,github,production,www.goinvo.com,/,2026-09-28T21:24:50.426Z,37,96,79,100,11518.2587,23142.469,783.1075,0,11518.2587,2361,12.6.1,github-runner/prod/lhr-1790630719470.json
github-runner/prod,github,production,www.goinvo.com,/,2026-09-28T21:25:23.096Z,48,96,79,100,3540.88,8049.319,775.5,0,4211.9888,280,12.6.1,github-runner/prod/lhr-1790630752603.json
github-runner/prod,github,production,www.goinvo.com,/,2026-09-28T21:25:55.627Z,57,100,79,100,3390.5775,4686.27,811.5,0.0125,3390.5775,276,12.6.1,github-runner/prod/lhr-1790630779576.json
github-runner/prod,github,production,www.goinvo.com,/,2026-09-28T21:26:22.623Z,48,96,79,100,3077.335,7707.204,904,0,3862.8544,304,12.6.1,github-runner/prod/lhr-1790630810781.json
github-runner/prod,github,production,www.goinvo.com,/,2026-09-28T21:26:53.823Z,59,100,79,100,3363.7425,4879.734,632.5,0.0125,3363.7425,253,12.6.1,github-runner/prod/lhr-1790630839345.json
github-runner/prod,github,production,www.goinvo.com,/work,2026-09-28T21:27:22.368Z,45,100,79,100,5399.131,9660.5745,630,0,5399.131,1294,12.6.1,github-runner/prod/lhr-1790630859154.json
github-runner/prod,github,production,www.goinvo.com,/work,2026-09-28T21:27:42.196Z,44,100,79,100,5259.808,11694.1705,733,0,5259.808,1290,12.6.1,github-runner/prod/lhr-1790630878862.json
github-runner/prod,github,production,www.goinvo.com,/work,2026-09-28T21:28:01.903Z,43,100,79,100,5740.215,10014.1467,664.5,0,6443.8246,2323,12.6.1,github-runner/prod/lhr-1790630899438.json
github-runner/prod,github,production,www.goinvo.com,/work,2026-09-28T21:28:22.508Z,54,100,79,100,2664.366,7586.3465,723.5,0,3144.0961,299,12.6.1,github-runner/prod/lhr-1790630918505.json
github-runner/prod,github,production,www.goinvo.com,/work,2026-09-28T21:28:41.552Z,46,100,79,100,5084.869,11484.4098,640,0,5084.869,1312,12.6.1,github-runner/prod/lhr-1790630938261.json
github-runner/prod,github,production,www.goinvo.com,/work/mitre-flux-notes,2026-09-28T21:29:01.303Z,45,98,79,100,2498.0237,6241.8775,509,0.3281,2877.6601,219,12.6.1,github-runner/prod/lhr-1790630953103.json
github-runner/prod,github,production,www.goinvo.com,/work/mitre-flux-notes,2026-09-28T21:29:16.166Z,43,98,79,100,2766.7057,6390.4065,541.5,0.3281,2965.8572,183,12.6.1,github-runner/prod/lhr-1790630968074.json
github-runner/prod,github,production,www.goinvo.com,/work/mitre-flux-notes,2026-09-28T21:29:31.115Z,43,98,79,100,2462.646,9671.375,479.5,0.3281,2923.9466,255,12.6.1,github-runner/prod/lhr-1790630983076.json
github-runner/prod,github,production,www.goinvo.com,/work/mitre-flux-notes,2026-09-28T21:29:46.139Z,40,98,79,100,2762.5005,6136.7905,672,0.3281,2762.5005,176,12.6.1,github-runner/prod/lhr-1790630997954.json
github-runner/prod,github,production,www.goinvo.com,/work/mitre-flux-notes,2026-09-28T21:30:00.991Z,37,98,79,100,2960.4245,6186.5335,741,0.3281,4113.0366,1299,12.6.1,github-runner/prod/lhr-1790631013748.json
home-paint-hold/typekit,local-windows,preview,goinvo-website-next-bq4na8kkl-goinvo.vercel.app,/,2026-09-28T21:23:31.318Z,67,,,,3288.706,6040.768,212,0,3970.4304,1395,12.8.2,home-paint-hold/typekit/no-typekit-run1.json
home-paint-hold/typekit,local-windows,preview,goinvo-website-next-bq4na8kkl-goinvo.vercel.app,/,2026-09-28T21:28:50.379Z,67,,,,3333.639,6001.7293,184.5,0,4086.3922,1435,12.8.2,home-paint-hold/typekit/no-typekit-run10.json
home-paint-hold/typekit,local-windows,preview,goinvo-website-next-bq4na8kkl-goinvo.vercel.app,/,2026-09-28T21:24:07.561Z,67,,,,3314.269,5950.342,236,0,3702.4343,1425,12.8.2,home-paint-hold/typekit/no-typekit-run2.json
home-paint-hold/typekit,local-windows,preview,goinvo-website-next-bq4na8kkl-goinvo.vercel.app,/,2026-09-28T21:24:43.364Z,67,,,,3278.356,5902.4395,245.5,0,3739.2281,1384,12.8.2,home-paint-hold/typekit/no-typekit-run3.json
home-paint-hold/typekit,local-windows,preview,goinvo-website-next-bq4na8kkl-goinvo.vercel.app,/,2026-09-28T21:25:19.171Z,64,,,,3324.127,5957.3102,297,0,3781.2291,1404,12.8.2,home-paint-hold/typekit/no-typekit-run4.json
home-paint-hold/typekit,local-windows,preview,goinvo-website-next-bq4na8kkl-goinvo.vercel.app,/,2026-09-28T21:25:57.094Z,66,,,,3299.296,6042.776,230.5,0,3982.9708,1383,12.8.2,home-paint-hold/typekit/no-typekit-run5.json
home-paint-hold/typekit,local-windows,preview,goinvo-website-next-bq4na8kkl-goinvo.vercel.app,/,2026-09-28T21:26:32.714Z,67,,,,3287.154,6120.894,198.5,0,4017.092,1423,12.8.2,home-paint-hold/typekit/no-typekit-run6.json
home-paint-hold/typekit,local-windows,preview,goinvo-website-next-bq4na8kkl-goinvo.vercel.app,/,2026-09-28T21:27:06.528Z,66,,,,3337.369,6094.7355,239,0,3872.0789,1421,12.8.2,home-paint-hold/typekit/no-typekit-run7.json
home-paint-hold/typekit,local-windows,preview,goinvo-website-next-bq4na8kkl-goinvo.vercel.app,/,2026-09-28T21:27:42.903Z,85,,,,1937.395,3702.269,185.5,0.0473,2196.8415,462,12.8.2,home-paint-hold/typekit/no-typekit-run8.json
home-paint-hold/typekit,local-windows,preview,goinvo-website-next-bq4na8kkl-goinvo.vercel.app,/,2026-09-28T21:28:16.595Z,85,,,,1935.42,3619.444,198.5,0.0473,2152.6002,459,12.8.2,home-paint-hold/typekit/no-typekit-run9.json
home-paint-hold/typekit,local-windows,preview,goinvo-website-next-bq4na8kkl-goinvo.vercel.app,/,2026-09-28T21:23:12.809Z,60,,,,4487.244,7141.2025,260,0,4487.244,1423,12.8.2,home-paint-hold/typekit/normal-run1.json
home-paint-hold/typekit,local-windows,preview,goinvo-website-next-bq4na8kkl-goinvo.vercel.app,/,2026-09-28T21:28:33.463Z,62,,,,4314.9135,6940.5155,230,0,4314.9135,1431,12.8.2,home-paint-hold/typekit/normal-run10.json
home-paint-hold/typekit,local-windows,preview,goinvo-website-next-bq4na8kkl-goinvo.vercel.app,/,2026-09-28T21:23:49.603Z,61,,,,4299.136,7071.676,270.5,0,4299.136,1381,12.8.2,home-paint-hold/typekit/normal-run2.json
home-paint-hold/typekit,local-windows,preview,goinvo-website-next-bq4na8kkl-goinvo.vercel.app,/,2026-09-28T21:24:26.095Z,86,,,,1923.847,3563.151,188.5,0.049,2068.3034,418,12.8.2,home-paint-hold/typekit/normal-run3.json
home-paint-hold/typekit,local-windows,preview,goinvo-website-next-bq4na8kkl-goinvo.vercel.app,/,2026-09-28T21:25:01.153Z,86,,,,1948.869,3503.685,187.5,0.049,2343.9765,480,12.8.2,home-paint-hold/typekit/normal-run4.json
home-paint-hold/typekit,local-windows,preview,goinvo-website-next-bq4na8kkl-goinvo.vercel.app,/,2026-09-28T21:25:37.740Z,58,,,,4424.6175,7134.086,329.5,0,4424.6175,1471,12.8.2,home-paint-hold/typekit/normal-run5.json
home-paint-hold/typekit,local-windows,preview,goinvo-website-next-bq4na8kkl-goinvo.vercel.app,/,2026-09-28T21:26:15.473Z,60,,,,4506.786,6916.83,282,0,4506.786,1425,12.8.2,home-paint-hold/typekit/normal-run6.json
home-paint-hold/typekit,local-windows,preview,goinvo-website-next-bq4na8kkl-goinvo.vercel.app,/,2026-09-28T21:26:49.366Z,62,,,,4355.4915,7070.0795,213,0,4355.4915,1397,12.8.2,home-paint-hold/typekit/normal-run7.json
home-paint-hold/typekit,local-windows,preview,goinvo-website-next-bq4na8kkl-goinvo.vercel.app,/,2026-09-28T21:27:24.261Z,62,,,,4419.1385,6988.1765,209.5,0,4419.1385,1394,12.8.2,home-paint-hold/typekit/normal-run8.json
home-paint-hold/typekit,local-windows,preview,goinvo-website-next-bq4na8kkl-goinvo.vercel.app,/,2026-09-28T21:27:59.493Z,89,,,,1950.7385,3272.013,166,0.049,1950.7385,409,12.8.2,home-paint-hold/typekit/normal-run9.json
step1-calendly-hubspot,local-windows,preview,goinvo-website-next-9dnholrfu-goinvo.vercel.app,/work/mitre-flux-notes,2026-09-28T19:14:07.247Z,49,98,75,69,3837.958,7621.6875,158,0.3281,3925.0045,1305,12.8.2,step1-calendly-hubspot/preview-case-flux-notes-run1.json
step1-calendly-hubspot,local-windows,preview,goinvo-website-next-9dnholrfu-goinvo.vercel.app,/work/mitre-flux-notes,2026-09-28T19:16:00.495Z,64,98,75,69,4017.6825,6183.168,122.597,0,5993.1591,1330,12.8.2,step1-calendly-hubspot/preview-case-flux-notes-run2.json
step1-calendly-hubspot,local-windows,preview,goinvo-website-next-9dnholrfu-goinvo.vercel.app,/work/mitre-flux-notes,2026-09-28T19:17:52.316Z,62,98,75,69,3988.5615,6281.861,194,0,5587.0978,1314,12.8.2,step1-calendly-hubspot/preview-case-flux-notes-run3.json
step1-calendly-hubspot,local-windows,preview,goinvo-website-next-9dnholrfu-goinvo.vercel.app,/work/mitre-flux-notes,2026-09-28T19:19:50.263Z,70,98,75,69,3154.455,6227.301,148.5,0,3319.3751,1346,12.8.2,step1-calendly-hubspot/preview-case-flux-notes-run4.json
step1-calendly-hubspot,local-windows,preview,goinvo-website-next-9dnholrfu-goinvo.vercel.app,/work/mitre-flux-notes,2026-09-28T19:21:54.110Z,55,98,75,69,2929.3355,5977.9885,137,0.3281,3628.781,861,12.8.2,step1-calendly-hubspot/preview-case-flux-notes-run5.json
step1-calendly-hubspot,local-windows,preview,goinvo-website-next-9dnholrfu-goinvo.vercel.app,/,2026-09-28T19:12:48.681Z,62,100,75,69,4574.826,7988.3085,171,0,4574.826,1423,12.8.2,step1-calendly-hubspot/preview-home-run1.json
step1-calendly-hubspot,local-windows,preview,goinvo-website-next-9dnholrfu-goinvo.vercel.app,/,2026-09-28T19:14:46.592Z,80,100,75,69,2685.9195,4397.341,95,0.0125,2685.9195,535,12.8.2,step1-calendly-hubspot/preview-home-run2.json
step1-calendly-hubspot,local-windows,preview,goinvo-website-next-9dnholrfu-goinvo.vercel.app,/,2026-09-28T19:16:39.070Z,61,100,75,69,4656.2815,7939.236,183.5,0,4656.2815,1413,12.8.2,step1-calendly-hubspot/preview-home-run3.json
step1-calendly-hubspot,local-windows,preview,goinvo-website-next-9dnholrfu-goinvo.vercel.app,/,2026-09-28T19:18:31.383Z,62,100,75,69,4668.3745,8142.286,132.5,0,4668.3745,1382,12.8.2,step1-calendly-hubspot/preview-home-run4.json
step1-calendly-hubspot,local-windows,preview,goinvo-website-next-9dnholrfu-goinvo.vercel.app,/,2026-09-28T19:20:32.597Z,60,100,75,69,4669.2085,8295.799,224.5,0,4669.2085,1396,12.8.2,step1-calendly-hubspot/preview-home-run5.json
step1-calendly-hubspot,local-windows,preview,goinvo-website-next-9dnholrfu-goinvo.vercel.app,/work,2026-09-28T19:13:31.320Z,58,100,75,69,5947.2059,10136.7865,169,0,5947.2059,1489,12.8.2,step1-calendly-hubspot/preview-work-run1.json
step1-calendly-hubspot,local-windows,preview,goinvo-website-next-9dnholrfu-goinvo.vercel.app,/work,2026-09-28T19:15:25.872Z,57,100,75,69,6170.1185,9421.9185,178,0,6177.0901,2475,12.8.2,step1-calendly-hubspot/preview-work-run2.json
step1-calendly-hubspot,local-windows,preview,goinvo-website-next-9dnholrfu-goinvo.vercel.app,/work,2026-09-28T19:17:17.584Z,74,100,75,69,2842.1315,5268.616,126.5,0,3043.2381,776,12.8.2,step1-calendly-hubspot/preview-work-run3.json
step1-calendly-hubspot,local-windows,preview,goinvo-website-next-9dnholrfu-goinvo.vercel.app,/work,2026-09-28T19:19:12.251Z,58,100,75,69,6066.2095,10771.759,144,0,6066.2095,1502,12.8.2,step1-calendly-hubspot/preview-work-run4.json
step1-calendly-hubspot,local-windows,preview,goinvo-website-next-9dnholrfu-goinvo.vercel.app,/work,2026-09-28T19:21:15.411Z,73,100,75,69,2695.8435,5055.764,229.5,0,3037.8363,779,12.8.2,step1-calendly-hubspot/preview-work-run5.json
step1-calendly-hubspot,local-windows,production,www.goinvo.com,/work/mitre-flux-notes,2026-09-28T19:13:51.735Z,57,98,79,100,4006.424,5230.684,457.5,0,5590.1313,1520,12.8.2,step1-calendly-hubspot/prod-case-flux-notes-run1.json
step1-calendly-hubspot,local-windows,production,www.goinvo.com,/work/mitre-flux-notes,2026-09-28T19:15:45.180Z,57,98,79,100,4079.886,5485.442,436,0,5215.2151,1354,12.8.2,step1-calendly-hubspot/prod-case-flux-notes-run2.json
step1-calendly-hubspot,local-windows,production,www.goinvo.com,/work/mitre-flux-notes,2026-09-28T19:17:36.643Z,59,98,79,100,4184.8715,5289.3045,399.5,0,5377.6157,1464,12.8.2,step1-calendly-hubspot/prod-case-flux-notes-run3.json
step1-calendly-hubspot,local-windows,production,www.goinvo.com,/work/mitre-flux-notes,2026-09-28T19:19:32.219Z,55,98,79,100,3934.0435,5165.026,548,0,5480.8133,1393,12.8.2,step1-calendly-hubspot/prod-case-flux-notes-run4.json
step1-calendly-hubspot,local-windows,production,www.goinvo.com,/work/mitre-flux-notes,2026-09-28T19:21:37.078Z,49,98,79,100,3831.05,5154.738,869.5,0,5289.5016,1399,12.8.2,step1-calendly-hubspot/prod-case-flux-notes-run5.json
step1-calendly-hubspot,local-windows,production,www.goinvo.com,/,2026-09-28T19:12:23.274Z,50,100,79,100,5742.7735,8478.076,440.5,0,5742.7735,1424,12.8.2,step1-calendly-hubspot/prod-home-run1.json
step1-calendly-hubspot,local-windows,production,www.goinvo.com,/,2026-09-28T19:14:22.579Z,52,100,79,100,5126.03,7832.824,438,0,5254.8648,1403,12.8.2,step1-calendly-hubspot/prod-home-run2.json
step1-calendly-hubspot,local-windows,production,www.goinvo.com,/,2026-09-28T19:16:15.720Z,55,100,79,100,4994.4635,7572.157,342.5,0,5242.3674,1480,12.8.2,step1-calendly-hubspot/prod-home-run3.json
step1-calendly-hubspot,local-windows,production,www.goinvo.com,/,2026-09-28T19:18:07.722Z,73,100,79,100,2914.7355,4077.469,342,0.0125,3540.1973,1009,12.8.2,step1-calendly-hubspot/prod-home-run4.json
step1-calendly-hubspot,local-windows,production,www.goinvo.com,/,2026-09-28T19:20:05.932Z,51,96,79,100,5568.9718,8680.3463,366.5,0,6829.1839,1486,12.8.2,step1-calendly-hubspot/prod-home-run5.json
step1-calendly-hubspot,local-windows,production,www.goinvo.com,/work,2026-09-28T19:13:10.516Z,48,100,79,100,5943.753,10524.9185,467.5,0,5943.753,1495,12.8.2,step1-calendly-hubspot/prod-work-run1.json
step1-calendly-hubspot,local-windows,production,www.goinvo.com,/work,2026-09-28T19:15:06.044Z,51,100,79,100,5822.69,9245.132,385,0,5822.69,1507,12.8.2,step1-calendly-hubspot/prod-work-run2.json
step1-calendly-hubspot,local-windows,production,www.goinvo.com,/work,2026-09-28T19:16:57.979Z,49,100,79,100,6178.876,10278.326,423.5,0,6178.876,1480,12.8.2,step1-calendly-hubspot/prod-work-run3.json
step1-calendly-hubspot,local-windows,production,www.goinvo.com,/work,2026-09-28T19:18:52.239Z,64,100,79,100,2701.28,4661.439,536,0,4111.633,890,12.8.2,step1-calendly-hubspot/prod-work-run4.json
step1-calendly-hubspot,local-windows,production,www.goinvo.com,/work,2026-09-28T19:20:54.209Z,66,100,79,100,2695.299,4787.533,480.5,0,3136.5088,617,12.8.2,step1-calendly-hubspot/prod-work-run5.json
step2-fonts,local-windows,preview,goinvo-website-next-o8h62s3cn-goinvo.vercel.app,/work/mitre-flux-notes,2026-09-28T19:24:14.111Z,61,98,75,69,1164.6535,6277.3735,108,0.3281,1927.6259,520,12.8.2,step2-fonts/preview-case-flux-notes-run1.json
step2-fonts,local-windows,preview,goinvo-website-next-o8h62s3cn-goinvo.vercel.app,/work/mitre-flux-notes,2026-09-28T19:26:20.646Z,64,98,75,69,1173.4605,4892.5455,130.5,0.3302,2392.7853,331,12.8.2,step2-fonts/preview-case-flux-notes-run2.json
step2-fonts,local-windows,preview,goinvo-website-next-o8h62s3cn-goinvo.vercel.app,/work/mitre-flux-notes,2026-09-28T19:28:25.716Z,47,98,75,69,3284.7895,7439.2225,233,0.3281,4267.7306,1368,12.8.2,step2-fonts/preview-case-flux-notes-run3.json
step2-fonts,local-windows,preview,goinvo-website-next-o8h62s3cn-goinvo.vercel.app,/work/mitre-flux-notes,2026-09-28T19:30:51.500Z,63,98,75,69,1184.8045,5023.3345,142.5,0.3303,2485.0115,333,12.8.2,step2-fonts/preview-case-flux-notes-run4.json
step2-fonts,local-windows,preview,goinvo-website-next-o8h62s3cn-goinvo.vercel.app,/work/mitre-flux-notes,2026-09-28T19:33:05.745Z,61,98,75,69,3857.894,6345.624,276,0,4736.5825,1310,12.8.2,step2-fonts/preview-case-flux-notes-run5.json
step2-fonts,local-windows,preview,goinvo-website-next-o8h62s3cn-goinvo.vercel.app,/,2026-09-28T19:22:48.631Z,92,100,75,69,2001.0665,2138.0608,190.5,0.006,4376.7165,2081,12.8.2,step2-fonts/preview-home-run1.json
step2-fonts,local-windows,preview,goinvo-website-next-o8h62s3cn-goinvo.vercel.app,/,2026-09-28T19:24:56.431Z,86,100,75,69,1885.022,3488.747,225,0.0233,1885.022,390,12.8.2,step2-fonts/preview-home-run2.json
step2-fonts,local-windows,preview,goinvo-website-next-o8h62s3cn-goinvo.vercel.app,/,2026-09-28T19:27:00.282Z,59,100,75,69,4424.8785,8080.569,286.5,0,4424.8785,1434,12.8.2,step2-fonts/preview-home-run3.json
step2-fonts,local-windows,preview,goinvo-website-next-o8h62s3cn-goinvo.vercel.app,/,2026-09-28T19:29:12.644Z,58,100,75,69,4324.976,8163.993,311,0,4324.976,1341,12.8.2,step2-fonts/preview-home-run4.json
step2-fonts,local-windows,preview,goinvo-website-next-o8h62s3cn-goinvo.vercel.app,/,2026-09-28T19:31:35.935Z,60,100,75,69,4286.0385,8184.217,251,0,4286.0385,1343,12.8.2,step2-fonts/preview-home-run5.json
step2-fonts,local-windows,preview,goinvo-website-next-o8h62s3cn-goinvo.vercel.app,/work,2026-09-28T19:23:35.095Z,75,100,75,69,2124.3785,4884.768,247.5,0,2269.1012,840,12.8.2,step2-fonts/preview-work-run1.json
step2-fonts,local-windows,preview,goinvo-website-next-o8h62s3cn-goinvo.vercel.app,/work,2026-09-28T19:25:42.871Z,79,100,75,69,2014.839,4376.522,245.5,0,2014.839,430,12.8.2,step2-fonts/preview-work-run2.json
step2-fonts,local-windows,preview,goinvo-website-next-o8h62s3cn-goinvo.vercel.app,/work,2026-09-28T19:27:46.703Z,74,100,75,69,2087.673,4893.603,286.5,0,2132.2423,439,12.8.2,step2-fonts/preview-work-run3.json
step2-fonts,local-windows,preview,goinvo-website-next-o8h62s3cn-goinvo.vercel.app,/work,2026-09-28T19:30:07.805Z,72,100,75,69,2067.158,5140.3215,310,0,2503.1733,450,12.8.2,step2-fonts/preview-work-run4.json
step2-fonts,local-windows,preview,goinvo-website-next-o8h62s3cn-goinvo.vercel.app,/work,2026-09-28T19:32:21.698Z,73,100,75,69,2106.402,5091.945,309.5,0,2106.402,481,12.8.2,step2-fonts/preview-work-run5.json
step2-fonts,local-windows,production,www.goinvo.com,/work/mitre-flux-notes,2026-09-28T19:23:56.797Z,40,98,79,100,3048.6855,5829.3405,550.5,0.3302,4736.0984,1465,12.8.2,step2-fonts/prod-case-flux-notes-run1.json
step2-fonts,local-windows,production,www.goinvo.com,/work/mitre-flux-notes,2026-09-28T19:26:04.232Z,44,98,79,100,2761.0065,5284.563,585.5,0.3281,3536.3277,558,12.8.2,step2-fonts/prod-case-flux-notes-run2.json
step2-fonts,local-windows,production,www.goinvo.com,/work/mitre-flux-notes,2026-09-28T19:28:08.572Z,50,98,79,100,2715.63,5104.666,419.5,0.3281,3420.1088,519,12.8.2,step2-fonts/prod-case-flux-notes-run3.json
step2-fonts,local-windows,production,www.goinvo.com,/work/mitre-flux-notes,2026-09-28T19:30:32.568Z,46,98,79,100,2752.6035,5260.212,494.0,0.3302,3539.3584,564,12.8.2,step2-fonts/prod-case-flux-notes-run4.json
step2-fonts,local-windows,production,www.goinvo.com,/work/mitre-flux-notes,2026-09-28T19:32:46.727Z,44,98,79,100,2850.4225,5374.5455,576,0.3281,3337.1006,608,12.8.2,step2-fonts/prod-case-flux-notes-run5.json
step2-fonts,local-windows,production,www.goinvo.com,/,2026-09-28T19:22:22.615Z,51,100,79,100,5626.8675,8155.627,414.5,0,5626.8675,1478,12.8.2,step2-fonts/prod-home-run1.json
step2-fonts,local-windows,production,www.goinvo.com,/,2026-09-28T19:24:29.862Z,49,96,79,100,5534.5695,9436.9765,431.5,0,6645.6832,1486,12.8.2,step2-fonts/prod-home-run2.json
step2-fonts,local-windows,production,www.goinvo.com,/,2026-09-28T19:26:35.883Z,50,100,79,100,5799.3312,8360.867,440.5,0,5799.3312,1423,12.8.2,step2-fonts/prod-home-run3.json
step2-fonts,local-windows,production,www.goinvo.com,/,2026-09-28T19:28:44.484Z,48,96,79,100,4689.7908,8187.9565,473.5,0,6843.101,1469,12.8.2,step2-fonts/prod-home-run4.json
step2-fonts,local-windows,production,www.goinvo.com,/,2026-09-28T19:31:09.113Z,50,100,79,100,4959.4105,7680.809,512.5,0,5266.3434,1507,12.8.2,step2-fonts/prod-home-run5.json
step2-fonts,local-windows,production,www.goinvo.com,/work,2026-09-28T19:23:12.656Z,65,100,79,100,2770.346,4144.2915,611,0,3939.6927,675,12.8.2,step2-fonts/prod-work-run1.json
step2-fonts,local-windows,production,www.goinvo.com,/work,2026-09-28T19:25:18.557Z,40,100,79,100,6122.764,13580.9495,778.5,0,6806.4268,2423,12.8.2,step2-fonts/prod-work-run2.json
step2-fonts,local-windows,production,www.goinvo.com,/work,2026-09-28T19:27:21.806Z,61,100,79,100,2728.7115,4986.006,633.5,0,3144.126,588,12.8.2,step2-fonts/prod-work-run3.json
step2-fonts,local-windows,production,www.goinvo.com,/work,2026-09-28T19:29:37.360Z,57,100,79,100,2885.35,5500.378,627.5,0,4360.853,883,12.8.2,step2-fonts/prod-work-run4.json
step2-fonts,local-windows,production,www.goinvo.com,/work,2026-09-28T19:31:58.410Z,45,100,79,100,5766.628,10134.048,604.5,0,5766.628,1489,12.8.2,step2-fonts/prod-work-run5.json
step3-popup-hero-jotform,local-windows,preview,goinvo-website-next-k5g7wjnz9-goinvo.vercel.app,/work/mitre-flux-notes,2026-09-28T20:01:10.680Z,60,98,75,69,1887.0085,5490.5595,171.5,0.3281,1887.0085,458,12.8.2,step3-popup-hero-jotform/preview-case-flux-notes-run1.json
step3-popup-hero-jotform,local-windows,preview,goinvo-website-next-k5g7wjnz9-goinvo.vercel.app,/work/mitre-flux-notes,2026-09-28T20:03:16.043Z,63,98,75,69,1140.2725,5419.1225,101.5,0.3302,2333.5736,329,12.8.2,step3-popup-hero-jotform/preview-case-flux-notes-run2.json
step3-popup-hero-jotform,local-windows,preview,goinvo-website-next-k5g7wjnz9-goinvo.vercel.app,/work/mitre-flux-notes,2026-09-28T20:05:13.655Z,63,98,75,69,1185.6525,5156.4685,122.5,0.3302,1962.578,746,12.8.2,step3-popup-hero-jotform/preview-case-flux-notes-run3.json
step3-popup-hero-jotform,local-windows,preview,goinvo-website-next-k5g7wjnz9-goinvo.vercel.app,/work/mitre-flux-notes,2026-09-28T20:07:16.830Z,62,98,75,69,1856.7965,5467.985,101.5,0.3281,1856.7965,323,12.8.2,step3-popup-hero-jotform/preview-case-flux-notes-run4.json
step3-popup-hero-jotform,local-windows,preview,goinvo-website-next-k5g7wjnz9-goinvo.vercel.app,/work/mitre-flux-notes,2026-09-28T20:09:22.746Z,65,98,75,69,1190.861,4801.693,127.5,0.3302,1388.993,333,12.8.2,step3-popup-hero-jotform/preview-case-flux-notes-run5.json
step3-popup-hero-jotform,local-windows,preview,goinvo-website-next-k5g7wjnz9-goinvo.vercel.app,/work/mitre-flux-notes,2026-09-28T20:11:33.324Z,63,98,75,69,1142.816,5244.141,147.5,0.3281,1377.4568,322,12.8.2,step3-popup-hero-jotform/preview-case-flux-notes-run6.json
step3-popup-hero-jotform,local-windows,preview,goinvo-website-next-k5g7wjnz9-goinvo.vercel.app,/work/mitre-flux-notes,2026-09-28T20:13:39.821Z,64,98,75,69,1113.128,5303.682,101,0.3281,1391.3737,330,12.8.2,step3-popup-hero-jotform/preview-case-flux-notes-run7.json
step3-popup-hero-jotform,local-windows,preview,goinvo-website-next-k5g7wjnz9-goinvo.vercel.app,/,2026-09-28T19:59:46.349Z,85,100,75,69,1915.5715,3509.197,242,0.0233,1915.5715,426,12.8.2,step3-popup-hero-jotform/preview-home-run1.json
step3-popup-hero-jotform,local-windows,preview,goinvo-website-next-k5g7wjnz9-goinvo.vercel.app,/,2026-09-28T20:01:57.771Z,64,100,75,69,4318.093,6887.567,150.5,0,4343.5653,1391,12.8.2,step3-popup-hero-jotform/preview-home-run2.json
step3-popup-hero-jotform,local-windows,preview,goinvo-website-next-k5g7wjnz9-goinvo.vercel.app,/,2026-09-28T20:03:55.936Z,61,100,75,69,4568.064,7006.449,211,0,4568.064,1396,12.8.2,step3-popup-hero-jotform/preview-home-run3.json
step3-popup-hero-jotform,local-windows,preview,goinvo-website-next-k5g7wjnz9-goinvo.vercel.app,/,2026-09-28T20:05:57.104Z,60,100,75,69,4501.1875,7050.0722,274,0,4501.1875,1367,12.8.2,step3-popup-hero-jotform/preview-home-run4.json
step3-popup-hero-jotform,local-windows,preview,goinvo-website-next-k5g7wjnz9-goinvo.vercel.app,/,2026-09-28T20:08:01.133Z,83,100,75,69,2036.9915,3535.955,276.5,0.0233,2471.1545,748,12.8.2,step3-popup-hero-jotform/preview-home-run5.json
step3-popup-hero-jotform,local-windows,preview,goinvo-website-next-k5g7wjnz9-goinvo.vercel.app,/,2026-09-28T20:10:06.749Z,87,100,75,69,1986.3425,3461.796,177,0.0233,2199.3777,532,12.8.2,step3-popup-hero-jotform/preview-home-run6.json
step3-popup-hero-jotform,local-windows,preview,goinvo-website-next-k5g7wjnz9-goinvo.vercel.app,/,2026-09-28T20:12:18.040Z,62,100,75,69,4385.9025,6936.461,216.5,0,4385.9025,1391,12.8.2,step3-popup-hero-jotform/preview-home-run7.json
step3-popup-hero-jotform,local-windows,preview,goinvo-website-next-k5g7wjnz9-goinvo.vercel.app,/work,2026-09-28T20:00:32.875Z,86,100,75,69,1843.8085,3337.974,255.5,0.0015,1843.8085,452,12.8.2,step3-popup-hero-jotform/preview-work-run1.json
step3-popup-hero-jotform,local-windows,preview,goinvo-website-next-k5g7wjnz9-goinvo.vercel.app,/work,2026-09-28T20:02:38.797Z,98,100,75,69,1394.156,1562.199,149.0,0.0015,1394.156,387,12.8.2,step3-popup-hero-jotform/preview-work-run2.json
step3-popup-hero-jotform,local-windows,preview,goinvo-website-next-k5g7wjnz9-goinvo.vercel.app,/work,2026-09-28T20:04:36.994Z,79,100,75,69,1393.674,5087.1,166.5,0.0015,1393.674,402,12.8.2,step3-popup-hero-jotform/preview-work-run3.json
step3-popup-hero-jotform,local-windows,preview,goinvo-website-next-k5g7wjnz9-goinvo.vercel.app,/work,2026-09-28T20:06:39.918Z,66,100,75,69,4009.585,5925.367,188,0,4425.8525,1392,12.8.2,step3-popup-hero-jotform/preview-work-run4.json
step3-popup-hero-jotform,local-windows,preview,goinvo-website-next-k5g7wjnz9-goinvo.vercel.app,/work,2026-09-28T20:08:44.892Z,92,100,75,69,1386.581,2788.029,198,0.0015,1643.6026,394,12.8.2,step3-popup-hero-jotform/preview-work-run5.json
step3-popup-hero-jotform,local-windows,preview,goinvo-website-next-k5g7wjnz9-goinvo.vercel.app,/work,2026-09-28T20:10:52.981Z,91,100,75,69,1883.5185,2438.739,261,0.0015,1883.5185,428,12.8.2,step3-popup-hero-jotform/preview-work-run6.json
step3-popup-hero-jotform,local-windows,preview,goinvo-website-next-k5g7wjnz9-goinvo.vercel.app,/work,2026-09-28T20:13:03.174Z,85,100,75,69,1816.0485,3493.894,246.5,0.0015,1816.0485,398,12.8.2,step3-popup-hero-jotform/preview-work-run7.json
step3-popup-hero-jotform,local-windows,production,www.goinvo.com,/work/mitre-flux-notes,2026-09-28T20:00:53.339Z,57,98,79,100,3858.4475,5307.2695,469.5,0,5297.7178,1445,12.8.2,step3-popup-hero-jotform/prod-case-flux-notes-run1.json
step3-popup-hero-jotform,local-windows,production,www.goinvo.com,/work/mitre-flux-notes,2026-09-28T20:02:59.577Z,55,98,79,100,4020.3405,5372.6445,509,0,5276.723,1410,12.8.2,step3-popup-hero-jotform/prod-case-flux-notes-run2.json
step3-popup-hero-jotform,local-windows,production,www.goinvo.com,/work/mitre-flux-notes,2026-09-28T20:04:57.272Z,53,98,79,100,4277.418,5581.192,547,0,5735.8818,1481,12.8.2,step3-popup-hero-jotform/prod-case-flux-notes-run3.json
step3-popup-hero-jotform,local-windows,production,www.goinvo.com,/work/mitre-flux-notes,2026-09-28T20:06:59.833Z,55,98,79,100,4108.198,5569.586,497.5,0,5323.0399,1425,12.8.2,step3-popup-hero-jotform/prod-case-flux-notes-run4.json
step3-popup-hero-jotform,local-windows,production,www.goinvo.com,/work/mitre-flux-notes,2026-09-28T20:09:04.676Z,47,98,79,100,2940.689,5508.275,380,0.3281,4391.1016,1195,12.8.2,step3-popup-hero-jotform/prod-case-flux-notes-run5.json
step3-popup-hero-jotform,local-windows,production,www.goinvo.com,/work/mitre-flux-notes,2026-09-28T20:11:15.173Z,53,98,79,100,3898.8145,5277.664,639.5,0,5303.0236,1475,12.8.2,step3-popup-hero-jotform/prod-case-flux-notes-run6.json
step3-popup-hero-jotform,local-windows,production,www.goinvo.com,/work/mitre-flux-notes,2026-09-28T20:13:23.237Z,56,98,79,100,3917.7975,5263.5255,531,0,5151.4885,1438,12.8.2,step3-popup-hero-jotform/prod-case-flux-notes-run7.json
step3-popup-hero-jotform,local-windows,production,www.goinvo.com,/,2026-09-28T19:59:18.935Z,68,100,79,100,2757.076,3941.957,575.5,0.0125,3410.3323,870,12.8.2,step3-popup-hero-jotform/prod-home-run1.json
step3-popup-hero-jotform,local-windows,production,www.goinvo.com,/,2026-09-28T20:01:27.212Z,52,100,79,100,5798.0958,8607.3095,377,0,5798.0958,1467,12.8.2,step3-popup-hero-jotform/prod-home-run2.json
step3-popup-hero-jotform,local-windows,production,www.goinvo.com,/,2026-09-28T20:03:31.445Z,53,100,79,100,5580.0943,8221.2815,369.5,0,5580.0943,1459,12.8.2,step3-popup-hero-jotform/prod-home-run3.json
step3-popup-hero-jotform,local-windows,production,www.goinvo.com,/,2026-09-28T20:05:30.920Z,56,96,79,100,2917.4425,6293.1195,486.5,0,5585.5681,993,12.8.2,step3-popup-hero-jotform/prod-home-run4.json
step3-popup-hero-jotform,local-windows,production,www.goinvo.com,/,2026-09-28T20:07:32.807Z,55,96,79,100,2789.403,7117.613,529.5,0,4746.3754,748,12.8.2,step3-popup-hero-jotform/prod-home-run5.json
step3-popup-hero-jotform,local-windows,production,www.goinvo.com,/,2026-09-28T20:09:38.972Z,53,100,79,100,4956.439,7670.162,411,0,5135.5827,1414,12.8.2,step3-popup-hero-jotform/prod-home-run6.json
step3-popup-hero-jotform,local-windows,production,www.goinvo.com,/,2026-09-28T20:11:50.568Z,50,100,79,100,5740.7665,9087.2515,449,0,5740.7665,1439,12.8.2,step3-popup-hero-jotform/prod-home-run7.json
step3-popup-hero-jotform,local-windows,production,www.goinvo.com,/work,2026-09-28T20:00:10.763Z,46,100,79,100,6189.952,11025.0525,551.5,0,6189.952,1475,12.8.2,step3-popup-hero-jotform/prod-work-run1.json
step3-popup-hero-jotform,local-windows,production,www.goinvo.com,/work,2026-09-28T20:02:18.076Z,46,100,79,100,6077.701,9965.397,555,0,6077.701,1471,12.8.2,step3-popup-hero-jotform/prod-work-run2.json
step3-popup-hero-jotform,local-windows,production,www.goinvo.com,/work,2026-09-28T20:04:16.178Z,49,100,79,100,5968.482,9498.622,442.0,0,5968.482,1472,12.8.2,step3-popup-hero-jotform/prod-work-run3.json
step3-popup-hero-jotform,local-windows,production,www.goinvo.com,/work,2026-09-28T20:06:18.404Z,48,100,79,100,6078.325,10931.2665,485.5,0,6078.325,1450,12.8.2,step3-popup-hero-jotform/prod-work-run4.json
step3-popup-hero-jotform,local-windows,production,www.goinvo.com,/work,2026-09-28T20:08:22.802Z,48,100,79,100,6070.066,9849.446,479,0,6070.066,1456,12.8.2,step3-popup-hero-jotform/prod-work-run5.json
step3-popup-hero-jotform,local-windows,production,www.goinvo.com,/work,2026-09-28T20:10:29.467Z,55,100,79,100,2712.133,5073.6665,741.5,0,5038.2374,1703,12.8.2,step3-popup-hero-jotform/prod-work-run6.json
step3-popup-hero-jotform,local-windows,production,www.goinvo.com,/work,2026-09-28T20:12:40.799Z,69,100,79,100,2750.883,4007.466,504.5,0,3746.3547,610,12.8.2,step3-popup-hero-jotform/prod-work-run7.json
step4-visible-without-js,local-windows,preview,goinvo-website-next-5rbnrpx2u-goinvo.vercel.app,/work/mitre-flux-notes,2026-09-28T20:33:20.069Z,82,98,75,69,1113.3445,2195.9625,252,0.2378,1550.5596,305,12.8.2,step4-visible-without-js/preview-case-flux-notes-run1.json
step4-visible-without-js,local-windows,preview,goinvo-website-next-5rbnrpx2u-goinvo.vercel.app,/work/mitre-flux-notes,2026-09-28T20:35:37.963Z,71,98,75,69,1901.9195,3453.193,302.5,0.2378,1901.9195,365,12.8.2,step4-visible-without-js/preview-case-flux-notes-run2.json
step4-visible-without-js,local-windows,preview,goinvo-website-next-5rbnrpx2u-goinvo.vercel.app,/work/mitre-flux-notes,2026-09-28T20:37:55.571Z,74,98,75,69,1168.122,3211.242,326.5,0.2351,1625.9423,320,12.8.2,step4-visible-without-js/preview-case-flux-notes-run3.json
step4-visible-without-js,local-windows,preview,goinvo-website-next-5rbnrpx2u-goinvo.vercel.app,/work/mitre-flux-notes,2026-09-28T20:40:15.870Z,70,98,75,69,1132.874,3657.25,349,0.2378,1132.874,353,12.8.2,step4-visible-without-js/preview-case-flux-notes-run4.json
step4-visible-without-js,local-windows,preview,goinvo-website-next-5rbnrpx2u-goinvo.vercel.app,/work/mitre-flux-notes,2026-09-28T20:42:17.768Z,69,98,75,69,1896.9,4237.154,201.5,0.2378,1896.9,340,12.8.2,step4-visible-without-js/preview-case-flux-notes-run5.json
step4-visible-without-js,local-windows,preview,goinvo-website-next-5rbnrpx2u-goinvo.vercel.app,/work/mitre-flux-notes,2026-09-28T20:44:18.742Z,80,98,75,69,1168.122,2709.327,226.5,0.2378,2060.5728,322,12.8.2,step4-visible-without-js/preview-case-flux-notes-run6.json
step4-visible-without-js,local-windows,preview,goinvo-website-next-5rbnrpx2u-goinvo.vercel.app,/work/mitre-flux-notes,2026-09-28T20:46:16.911Z,78,98,75,69,1147.622,3020.363,229,0.2378,1669.6686,357,12.8.2,step4-visible-without-js/preview-case-flux-notes-run7.json
step4-visible-without-js,local-windows,preview,goinvo-website-next-5rbnrpx2u-goinvo.vercel.app,/,2026-09-28T20:31:55.492Z,59,100,75,69,4419.1205,7082.6455,294.5,0,4419.1205,1434,12.8.2,step4-visible-without-js/preview-home-run1.json
step4-visible-without-js,local-windows,preview,goinvo-website-next-5rbnrpx2u-goinvo.vercel.app,/,2026-09-28T20:34:05.585Z,59,100,75,69,4433.358,6848.749,313.215,0,4433.358,1418,12.8.2,step4-visible-without-js/preview-home-run2.json
step4-visible-without-js,local-windows,preview,goinvo-website-next-5rbnrpx2u-goinvo.vercel.app,/,2026-09-28T20:36:23.335Z,59,100,75,69,4294.4765,7177.25,307,0,4295.1475,1399,12.8.2,step4-visible-without-js/preview-home-run3.json
step4-visible-without-js,local-windows,preview,goinvo-website-next-5rbnrpx2u-goinvo.vercel.app,/,2026-09-28T20:38:41.117Z,58,100,75,69,4275.693,7107.578,342,0,4319.3052,1421,12.8.2,step4-visible-without-js/preview-home-run4.json
step4-visible-without-js,local-windows,preview,goinvo-website-next-5rbnrpx2u-goinvo.vercel.app,/,2026-09-28T20:40:56.507Z,88,100,75,69,2020.688,3286.953,173,0.049,2342.0696,532,12.8.2,step4-visible-without-js/preview-home-run5.json
step4-visible-without-js,local-windows,preview,goinvo-website-next-5rbnrpx2u-goinvo.vercel.app,/,2026-09-28T20:42:58.458Z,63,100,75,69,4362.1875,6950.297,181,0,4362.1875,1403,12.8.2,step4-visible-without-js/preview-home-run6.json
step4-visible-without-js,local-windows,preview,goinvo-website-next-5rbnrpx2u-goinvo.vercel.app,/,2026-09-28T20:44:58.738Z,61,100,75,69,4438.3915,6865.3405,235,0,4438.3915,1415,12.8.2,step4-visible-without-js/preview-home-run7.json
step4-visible-without-js,local-windows,preview,goinvo-website-next-5rbnrpx2u-goinvo.vercel.app,/work,2026-09-28T20:32:42.974Z,92,100,75,69,1377.7865,2592.7695,244,0.0015,1799.932,440,12.8.2,step4-visible-without-js/preview-work-run1.json
step4-visible-without-js,local-windows,preview,goinvo-website-next-5rbnrpx2u-goinvo.vercel.app,/work,2026-09-28T20:34:54.820Z,94,100,75,69,1357.468,2109.31,239.5,0.0015,1750.3398,414,12.8.2,step4-visible-without-js/preview-work-run2.json
step4-visible-without-js,local-windows,preview,goinvo-website-next-5rbnrpx2u-goinvo.vercel.app,/work,2026-09-28T20:37:14.887Z,63,100,75,69,3186.649,6473.7845,307.5,0.0015,4041.2562,1426,12.8.2,step4-visible-without-js/preview-work-run3.json
step4-visible-without-js,local-windows,preview,goinvo-website-next-5rbnrpx2u-goinvo.vercel.app,/work,2026-09-28T20:39:30.199Z,90,100,75,69,1879.937,2880.8465,233,0.0015,1879.937,435,12.8.2,step4-visible-without-js/preview-work-run4.json
step4-visible-without-js,local-windows,preview,goinvo-website-next-5rbnrpx2u-goinvo.vercel.app,/work,2026-09-28T20:41:41.246Z,97,100,75,69,1425.887,1425.887,179.5,0.0015,1425.887,466,12.8.2,step4-visible-without-js/preview-work-run5.json
step4-visible-without-js,local-windows,preview,goinvo-website-next-5rbnrpx2u-goinvo.vercel.app,/work,2026-09-28T20:43:41.821Z,67,100,75,69,3127.851,6253.3763,197.0,0.0015,4266.0712,1467,12.8.2,step4-visible-without-js/preview-work-run6.json
step4-visible-without-js,local-windows,preview,goinvo-website-next-5rbnrpx2u-goinvo.vercel.app,/work,2026-09-28T20:45:40.302Z,98,100,75,69,1369.195,1532.346,148.5,0.0015,1812.6959,340,12.8.2,step4-visible-without-js/preview-work-run7.json
step4-visible-without-js,local-windows,production,www.goinvo.com,/work/mitre-flux-notes,2026-09-28T20:33:03.382Z,57,98,79,100,4062.968,5279.792,474.5,0,5237.8309,1378,12.8.2,step4-visible-without-js/prod-case-flux-notes-run1.json
step4-visible-without-js,local-windows,production,www.goinvo.com,/work/mitre-flux-notes,2026-09-28T20:35:18.182Z,43,98,79,100,2954.461,5369.9505,559.0,0.3281,4041.159,870,12.8.2,step4-visible-without-js/prod-case-flux-notes-run2.json
step4-visible-without-js,local-windows,production,www.goinvo.com,/work/mitre-flux-notes,2026-09-28T20:37:37.898Z,56,98,79,100,3981.671,5124.82,488.5,0,5450.6251,1389,12.8.2,step4-visible-without-js/prod-case-flux-notes-run3.json
step4-visible-without-js,local-windows,production,www.goinvo.com,/work/mitre-flux-notes,2026-09-28T20:39:55.616Z,48,98,79,100,2687.958,5056.7425,490,0.3281,3102.4524,514,12.8.2,step4-visible-without-js/prod-case-flux-notes-run4.json
step4-visible-without-js,local-windows,production,www.goinvo.com,/work/mitre-flux-notes,2026-09-28T20:42:01.688Z,56,98,79,100,3934.439,5248.911,498.5,0,5235.8627,1387,12.8.2,step4-visible-without-js/prod-case-flux-notes-run5.json
step4-visible-without-js,local-windows,production,www.goinvo.com,/work/mitre-flux-notes,2026-09-28T20:44:02.862Z,50,98,79,100,2811.609,4774.7685,425.5,0.3281,3926.6135,662,12.8.2,step4-visible-without-js/prod-case-flux-notes-run6.json
step4-visible-without-js,local-windows,production,www.goinvo.com,/work/mitre-flux-notes,2026-09-28T20:46:00.221Z,61,98,79,100,3149.345,5138.341,467,0,4421.8065,1413,12.8.2,step4-visible-without-js/prod-case-flux-notes-run7.json
step4-visible-without-js,local-windows,production,www.goinvo.com,/,2026-09-28T20:31:28.603Z,46,96,79,100,5447.2145,8696.5165,514,0,7377.7825,1579,12.8.2,step4-visible-without-js/prod-home-run1.json
step4-visible-without-js,local-windows,production,www.goinvo.com,/,2026-09-28T20:33:38.596Z,49,96,79,100,4743.4657,8469.389,490,0,6050.8652,1473,12.8.2,step4-visible-without-js/prod-home-run2.json
step4-visible-without-js,local-windows,production,www.goinvo.com,/,2026-09-28T20:35:55.008Z,46,96,79,100,5391.584,8508.831,522,0,6860.9738,1419,12.8.2,step4-visible-without-js/prod-home-run3.json
step4-visible-without-js,local-windows,production,www.goinvo.com,/,2026-09-28T20:38:13.078Z,49,100,79,100,5778.6645,8491.3765,491,0,5778.6645,1425,12.8.2,step4-visible-without-js/prod-home-run4.json
step4-visible-without-js,local-windows,production,www.goinvo.com,/,2026-09-28T20:40:31.565Z,51,100,79,100,5824.8242,8391.325,390.5,0,5824.8242,1482,12.8.2,step4-visible-without-js/prod-home-run5.json
step4-visible-without-js,local-windows,production,www.goinvo.com,/,2026-09-28T20:42:33.130Z,70,100,79,100,2737.1925,3795.009,531.5,0.0125,3163.311,563,12.8.2,step4-visible-without-js/prod-home-run6.json
step4-visible-without-js,local-windows,production,www.goinvo.com,/,2026-09-28T20:44:33.731Z,52,100,79,100,5736.6595,8439.704,383,0,5736.6595,1409,12.8.2,step4-visible-without-js/prod-home-run7.json
step4-visible-without-js,local-windows,production,www.goinvo.com,/work,2026-09-28T20:32:17.903Z,45,100,79,100,6069.258,10482.498,599.5,0,6069.258,1558,12.8.2,step4-visible-without-js/prod-work-run1.json
step4-visible-without-js,local-windows,production,www.goinvo.com,/work,2026-09-28T20:34:28.878Z,44,100,79,100,5607.51,9787.497,624.5,0,6641.9861,2550,12.8.2,step4-visible-without-js/prod-work-run2.json
step4-visible-without-js,local-windows,production,www.goinvo.com,/work,2026-09-28T20:36:50.839Z,63,100,79,100,2672.1235,4598.77,604.5,0,3520.6216,643,12.8.2,step4-visible-without-js/prod-work-run3.json
step4-visible-without-js,local-windows,production,www.goinvo.com,/work,2026-09-28T20:39:03.615Z,45,100,79,100,5936.771,12666.522,544.5,0,6780.5686,2522,12.8.2,step4-visible-without-js/prod-work-run4.json
step4-visible-without-js,local-windows,production,www.goinvo.com,/work,2026-09-28T20:41:19.349Z,46,100,79,100,6173.926,9289.9215,531.5,0,6173.926,1546,12.8.2,step4-visible-without-js/prod-work-run5.json
step4-visible-without-js,local-windows,production,www.goinvo.com,/work,2026-09-28T20:43:19.558Z,45,100,79,100,5837.293,10268.925,624,0,5837.293,1533,12.8.2,step4-visible-without-js/prod-work-run6.json
step4-visible-without-js,local-windows,production,www.goinvo.com,/work,2026-09-28T20:45:19.443Z,50,100,79,100,6042.403,10160.539,412.5,0,6042.403,1511,12.8.2,step4-visible-without-js/prod-work-run7.json
step5-hero-space-outside-main,local-windows,preview,goinvo-website-next-bq4na8kkl-goinvo.vercel.app,/work/mitre-flux-notes,2026-09-28T21:00:13.663Z,96,98,75,69,1125.184,1296.888,230.5,0.0055,1125.184,344,12.8.2,step5-hero-space-outside-main/preview-case-flux-notes-run1.json
step5-hero-space-outside-main,local-windows,preview,goinvo-website-next-bq4na8kkl-goinvo.vercel.app,/work/mitre-flux-notes,2026-09-28T21:02:20.117Z,94,98,75,69,1198.781,1676.435,287,0.0055,1198.781,370,12.8.2,step5-hero-space-outside-main/preview-case-flux-notes-run2.json
step5-hero-space-outside-main,local-windows,preview,goinvo-website-next-bq4na8kkl-goinvo.vercel.app,/work/mitre-flux-notes,2026-09-28T21:04:26.179Z,90,98,75,69,1852.192,2767.0655,256,0.0055,1852.192,343,12.8.2,step5-hero-space-outside-main/preview-case-flux-notes-run3.json
step5-hero-space-outside-main,local-windows,preview,goinvo-website-next-bq4na8kkl-goinvo.vercel.app,/work/mitre-flux-notes,2026-09-28T21:06:32.759Z,98,98,75,69,1167.926,1329.6045,157.5,0.0055,2046.4871,347,12.8.2,step5-hero-space-outside-main/preview-case-flux-notes-run4.json
step5-hero-space-outside-main,local-windows,preview,goinvo-website-next-bq4na8kkl-goinvo.vercel.app,/work/mitre-flux-notes,2026-09-28T21:08:44.675Z,93,98,75,69,1212.5395,1838.5555,310,0.0055,1615.8116,399,12.8.2,step5-hero-space-outside-main/preview-case-flux-notes-run5.json
step5-hero-space-outside-main,local-windows,preview,goinvo-website-next-bq4na8kkl-goinvo.vercel.app,/work/mitre-flux-notes,2026-09-28T21:10:55.563Z,64,98,75,69,3197.144,6861.015,232.9605,0,4456.0648,1351,12.8.2,step5-hero-space-outside-main/preview-case-flux-notes-run6.json
step5-hero-space-outside-main,local-windows,preview,goinvo-website-next-bq4na8kkl-goinvo.vercel.app,/work/mitre-flux-notes,2026-09-28T21:13:04.088Z,63,98,75,69,3210.9355,6838.2805,272,0,4325.8863,1426,12.8.2,step5-hero-space-outside-main/preview-case-flux-notes-run7.json
step5-hero-space-outside-main,local-windows,preview,goinvo-website-next-bq4na8kkl-goinvo.vercel.app,/,2026-09-28T20:58:47.124Z,59,100,75,69,4386.6015,6865.756,325.5,0,4386.6015,1430,12.8.2,step5-hero-space-outside-main/preview-home-run1.json
step5-hero-space-outside-main,local-windows,preview,goinvo-website-next-bq4na8kkl-goinvo.vercel.app,/,2026-09-28T21:00:57.313Z,61,100,75,69,4316.402,6909.2445,255.5,0,4316.402,1409,12.8.2,step5-hero-space-outside-main/preview-home-run2.json
step5-hero-space-outside-main,local-windows,preview,goinvo-website-next-bq4na8kkl-goinvo.vercel.app,/,2026-09-28T21:03:03.183Z,62,100,75,69,4371.368,6956.121,220.5,0,4414.2573,1411,12.8.2,step5-hero-space-outside-main/preview-home-run3.json
step5-hero-space-outside-main,local-windows,preview,goinvo-website-next-bq4na8kkl-goinvo.vercel.app,/,2026-09-28T21:05:08.905Z,62,100,75,69,4280.4825,6927.452,217.5,0,4280.4825,1406,12.8.2,step5-hero-space-outside-main/preview-home-run4.json
step5-hero-space-outside-main,local-windows,preview,goinvo-website-next-bq4na8kkl-goinvo.vercel.app,/,2026-09-28T21:07:19.457Z,87,100,75,69,1854.952,3449.645,179.5,0.049,2361.7651,392,12.8.2,step5-hero-space-outside-main/preview-home-run5.json
step5-hero-space-outside-main,local-windows,preview,goinvo-website-next-bq4na8kkl-goinvo.vercel.app,/,2026-09-28T21:09:33.190Z,87,100,75,69,1894.2435,3402.705,206.5,0.0306,2194.0795,404,12.8.2,step5-hero-space-outside-main/preview-home-run6.json
step5-hero-space-outside-main,local-windows,preview,goinvo-website-next-bq4na8kkl-goinvo.vercel.app,/,2026-09-28T21:11:41.491Z,61,100,75,69,4457.609,7038.5755,235,0,4457.609,1428,12.8.2,step5-hero-space-outside-main/preview-home-run7.json
step5-hero-space-outside-main,local-windows,preview,goinvo-website-next-bq4na8kkl-goinvo.vercel.app,/work,2026-09-28T20:59:30.165Z,98,100,75,69,1395.759,1837.7165,113.5,0.0015,1395.759,509,12.8.2,step5-hero-space-outside-main/preview-work-run1.json
step5-hero-space-outside-main,local-windows,preview,goinvo-website-next-bq4na8kkl-goinvo.vercel.app,/work,2026-09-28T21:01:42.727Z,96,100,75,69,1386.954,2263.624,176,0.0015,1742.3673,401,12.8.2,step5-hero-space-outside-main/preview-work-run2.json
step5-hero-space-outside-main,local-windows,preview,goinvo-website-next-bq4na8kkl-goinvo.vercel.app,/work,2026-09-28T21:03:48.956Z,93,100,75,69,1383.569,2427.953,235.5,0.0015,1785.1107,389,12.8.2,step5-hero-space-outside-main/preview-work-run3.json
step5-hero-space-outside-main,local-windows,preview,goinvo-website-next-bq4na8kkl-goinvo.vercel.app,/work,2026-09-28T21:05:54.871Z,64,100,75,69,3139.699,6284.6035,260,0.0015,4336.3376,1413,12.8.2,step5-hero-space-outside-main/preview-work-run4.json
step5-hero-space-outside-main,local-windows,preview,goinvo-website-next-bq4na8kkl-goinvo.vercel.app,/work,2026-09-28T21:08:05.336Z,89,100,75,69,1846.2495,2854.885,272,0.0015,1846.2495,393,12.8.2,step5-hero-space-outside-main/preview-work-run5.json
step5-hero-space-outside-main,local-windows,preview,goinvo-website-next-bq4na8kkl-goinvo.vercel.app,/work,2026-09-28T21:10:17.940Z,89,100,75,69,1835.9945,3187.324,192.5,0.0015,1882.498,408,12.8.2,step5-hero-space-outside-main/preview-work-run6.json
step5-hero-space-outside-main,local-windows,preview,goinvo-website-next-bq4na8kkl-goinvo.vercel.app,/work,2026-09-28T21:12:25.456Z,67,100,75,69,3151.573,5918.1345,223.5,0,3955.7014,1436,12.8.2,step5-hero-space-outside-main/preview-work-run7.json
step5-hero-space-outside-main,local-windows,production,www.goinvo.com,/work/mitre-flux-notes,2026-09-28T20:59:50.589Z,47,98,79,100,2675.608,5323.453,476.5,0.3281,3571.5781,602,12.8.2,step5-hero-space-outside-main/prod-case-flux-notes-run1.json
step5-hero-space-outside-main,local-windows,production,www.goinvo.com,/work/mitre-flux-notes,2026-09-28T21:02:03.510Z,59,98,79,100,3199.5625,5318.3835,498.5,0,4506.7391,1434,12.8.2,step5-hero-space-outside-main/prod-case-flux-notes-run2.json
step5-hero-space-outside-main,local-windows,production,www.goinvo.com,/work/mitre-flux-notes,2026-09-28T21:04:09.364Z,53,98,79,100,4005.4565,5361.4715,600.5,0,5233.3834,1372,12.8.2,step5-hero-space-outside-main/prod-case-flux-notes-run3.json
step5-hero-space-outside-main,local-windows,production,www.goinvo.com,/work/mitre-flux-notes,2026-09-28T21:06:16.399Z,57,98,79,100,4006.036,5227.152,489,0,5280.3757,1417,12.8.2,step5-hero-space-outside-main/prod-case-flux-notes-run4.json
step5-hero-space-outside-main,local-windows,production,www.goinvo.com,/work/mitre-flux-notes,2026-09-28T21:08:26.751Z,51,98,79,100,4109.5365,5541.2865,653.5,0,5264.0614,1395,12.8.2,step5-hero-space-outside-main/prod-case-flux-notes-run5.json
step5-hero-space-outside-main,local-windows,production,www.goinvo.com,/work/mitre-flux-notes,2026-09-28T21:10:39.371Z,53,98,79,100,4060.9555,5532.4405,600,0,5219.1422,1360,12.8.2,step5-hero-space-outside-main/prod-case-flux-notes-run6.json
step5-hero-space-outside-main,local-windows,production,www.goinvo.com,/work/mitre-flux-notes,2026-09-28T21:12:47.470Z,48,98,79,100,2724.4575,5249.2915,442.0,0.3281,3589.1763,884,12.8.2,step5-hero-space-outside-main/prod-case-flux-notes-run7.json
step5-hero-space-outside-main,local-windows,production,www.goinvo.com,/,2026-09-28T20:58:17.384Z,46,96,79,100,4636.7175,8136.3165,530.5,0,7060.853,1579,12.8.2,step5-hero-space-outside-main/prod-home-run1.json
step5-hero-space-outside-main,local-windows,production,www.goinvo.com,/,2026-09-28T21:00:30.804Z,45,96,79,100,5647.1313,8892.5373,568,0,6904.7136,1472,12.8.2,step5-hero-space-outside-main/prod-home-run2.json
step5-hero-space-outside-main,local-windows,production,www.goinvo.com,/,2026-09-28T21:02:36.283Z,52,100,79,100,4903.417,7537.558,448,0,5192.9377,1478,12.8.2,step5-hero-space-outside-main/prod-home-run3.json
step5-hero-space-outside-main,local-windows,production,www.goinvo.com,/,2026-09-28T21:04:42.053Z,50,100,79,100,5594.4907,8146.2305,457,0,5594.4907,1450,12.8.2,step5-hero-space-outside-main/prod-home-run4.json
step5-hero-space-outside-main,local-windows,production,www.goinvo.com,/,2026-09-28T21:06:48.985Z,70,100,79,100,2764.7235,3839.712,561,0.0125,3084.0038,673,12.8.2,step5-hero-space-outside-main/prod-home-run5.json
step5-hero-space-outside-main,local-windows,production,www.goinvo.com,/,2026-09-28T21:09:04.645Z,45,96,79,100,4804.954,8137.524,609.5,0,6886.2879,1506,12.8.2,step5-hero-space-outside-main/prod-home-run6.json
step5-hero-space-outside-main,local-windows,production,www.goinvo.com,/,2026-09-28T21:11:11.987Z,47,96,79,100,5450.5583,8580.9307,482.5,0,7086.9371,1447,12.8.2,step5-hero-space-outside-main/prod-home-run7.json
step5-hero-space-outside-main,local-windows,production,www.goinvo.com,/work,2026-09-28T20:59:08.556Z,48,100,79,100,5680.413,9186.1985,502,0,5680.413,1491,12.8.2,step5-hero-space-outside-main/prod-work-run1.json
step5-hero-space-outside-main,local-windows,production,www.goinvo.com,/work,2026-09-28T21:01:18.929Z,47,100,79,100,6147.691,10209.5305,508.5,0,6147.691,1506,12.8.2,step5-hero-space-outside-main/prod-work-run2.json
step5-hero-space-outside-main,local-windows,production,www.goinvo.com,/work,2026-09-28T21:03:25.298Z,48,100,79,100,6054.718,12559.664,440.5,0,6706.9159,2498,12.8.2,step5-hero-space-outside-main/prod-work-run3.json
step5-hero-space-outside-main,local-windows,production,www.goinvo.com,/work,2026-09-28T21:05:32.469Z,46,100,79,100,5694.236,10729.5965,565.5,0,5694.236,1572,12.8.2,step5-hero-space-outside-main/prod-work-run4.json
step5-hero-space-outside-main,local-windows,production,www.goinvo.com,/work,2026-09-28T21:07:41.572Z,47,100,79,100,5721.03,10132.885,554.5,0,5721.03,1497,12.8.2,step5-hero-space-outside-main/prod-work-run5.json
step5-hero-space-outside-main,local-windows,production,www.goinvo.com,/work,2026-09-28T21:09:54.873Z,60,100,79,100,2738.713,5192.842,573.5,0,4109.965,714,12.8.2,step5-hero-space-outside-main/prod-work-run6.json
step5-hero-space-outside-main,local-windows,production,www.goinvo.com,/work,2026-09-28T21:12:02.915Z,49,100,79,100,5739.078,10419.891,457.5,0,5739.078,1459,12.8.2,step5-hero-space-outside-main/prod-work-run7.json
